[{"id":"user-image-ea12044b48be4a7d990f99ff2d273766.jpeg","publicUrl":"np://user.desktop.nicepage.com/Site_7066064/images/ea12044b48be4a7d990f99ff2d273766.jpeg","size":375515,"hash":"wQGL8PTjHJRpvJZR/ZJB8Bf3iSQ=","fileName":"ea12044b48be4a7d990f99ff2d273766.jpeg","name":"ea12044b48be4a7d990f99ff2d273766","width":750,"height":562,"thumbnail":{"url":"np://user.desktop.nicepage.com/Site_7066064/images/thumbnails/ea12044b48be4a7d990f99ff2d273766.jpeg","width":250,"height":187},"usages":["330201515"]},{"id":"user-image-jon.jpeg","publicUrl":"np://user.desktop.nicepage.com/Site_7066064/images/jon.jpeg","size":243306,"hash":"J3E0vhfYD8T3sktT4pRCKhXfuOM=","fileName":"jon.jpeg","name":"jon","width":764,"height":735,"thumbnail":{"url":"np://user.desktop.nicepage.com/Site_7066064/images/thumbnails/jon.jpeg","width":250,"height":241},"usages":["330201515"]},{"id":"user-image-theo.jpg","publicUrl":"np://user.desktop.nicepage.com/Site_7066064/images/theo.jpg","size":98791,"hash":"CvbeGiiW+G2XnpLZ8Bd2L/I52tE=","fileName":"theo.jpg","name":"theo","width":768,"height":1024,"thumbnail":{"url":"np://user.desktop.nicepage.com/Site_7066064/images/thumbnails/theo.jpg","width":188,"height":250},"usages":["330201515"]},{"id":"user-image-erne.jpeg","publicUrl":"np://user.desktop.nicepage.com/Site_7066064/images/erne.jpeg","size":97041,"hash":"bPXcc14fG147RVHwvzyo1Ais2IA=","fileName":"erne.jpeg","name":"erne","width":768,"height":1024,"thumbnail":{"url":"np://user.desktop.nicepage.com/Site_7066064/images/thumbnails/erne.jpeg","width":188,"height":250},"usages":["330201515"]},{"id":"user-image-pang.jpg","publicUrl":"np://user.desktop.nicepage.com/Site_7066064/images/pang.jpg","size":208421,"hash":"QflSrqSwC9D3mixUB1u1d230Lpw=","fileName":"pang.jpg","name":"pang","width":770,"height":1024,"thumbnail":{"url":"np://user.desktop.nicepage.com/Site_7066064/images/thumbnails/pang.jpg","width":188,"height":250},"usages":["330201515"]},{"id":"user-image-strubhar1.jpg","publicUrl":"np://user.desktop.nicepage.com/Site_7066064/images/strubhar1.jpg","size":182779,"hash":"wOnYR1wIfxV4bW8nFC5Z41tvccM=","fileName":"strubhar1.jpg","name":"strubhar1","width":1148,"height":656,"thumbnail":{"url":"np://user.desktop.nicepage.com/Site_7066064/images/thumbnails/strubhar1.jpg","width":250,"height":143},"usages":["330201515"]},{"id":"user-image-roca1.png","publicUrl":"np://user.desktop.nicepage.com/Site_7066064/images/roca1.png","size":165545,"hash":"XcgZNmVmlUzdpvzZNmb9Ju/DKLk=","fileName":"roca1.png","name":"roca1","width":295,"height":324,"thumbnail":{"url":"np://user.desktop.nicepage.com/Site_7066064/images/thumbnails/roca1.png","width":228,"height":250},"usages":["330201515"]},{"id":"user-image-20220525_104538.jpg","publicUrl":"np://user.desktop.nicepage.com/Site_7066064/images/20220525_104538.jpg","size":91360,"hash":"ePCGguQjd4hNmvBZ0kBIv9XVmH4=","fileName":"20220525_104538.jpg","name":"20220525_104538","width":804,"height":603,"thumbnail":{"url":"np://user.desktop.nicepage.com/Site_7066064/images/thumbnails/20220525_104538.jpg","width":250,"height":187},"usages":["26029424"]},{"id":"user-image-jetcat.jpg","publicUrl":"np://user.desktop.nicepage.com/Site_7066064/images/jetcat.jpg","size":106681,"hash":"7FCctZAMm9nwt6r4SslBpZ89hJA=","fileName":"jetcat.jpg","name":"jetcat","width":1920,"height":1080,"thumbnail":{"url":"np://user.desktop.nicepage.com/Site_7066064/images/thumbnails/jetcat.jpg","width":250,"height":141},"usages":["26029424","58012788"]},{"id":"user-image-image13.png","publicUrl":"np://user.desktop.nicepage.com/Site_7066064/images/image13.png","size":227310,"hash":"B0ePurla4V1d82WbIGwAXXd6og0=","fileName":"image13.png","name":"image13","width":944,"height":747,"thumbnail":{"url":"np://user.desktop.nicepage.com/Site_7066064/images/thumbnails/image13.png","width":250,"height":198},"usages":["26029424","278106826"]},{"id":"user-image-image_50802177.JPG","publicUrl":"np://user.desktop.nicepage.com/Site_7066064/images/image_50802177.JPG","size":1365317,"hash":"yUYUnrwh34fB0opFWoumSfSfBYk=","fileName":"image_50802177.JPG","name":"image_50802177","width":1512,"height":2016,"thumbnail":{"url":"np://user.desktop.nicepage.com/Site_7066064/images/thumbnails/image_50802177.JPG","width":188,"height":250},"usages":["26029424","150677551"]},{"id":"user-image-con_div_v11_velocity.png","publicUrl":"np://user.desktop.nicepage.com/Site_7066064/images/con_div_v11_velocity.png","size":268297,"hash":"hdecaEsg3fWjvevLC24dwgY8QJ4=","fileName":"con_div_v11_velocity.png","name":"con_div_v11_velocity","width":2475,"height":1575,"thumbnail":{"url":"np://user.desktop.nicepage.com/Site_7066064/images/thumbnails/con_div_v11_velocity.png","width":250,"height":159},"usages":["972601638"]},{"id":"user-image-Screenshot2023-02-09144836.png","publicUrl":"np://user.desktop.nicepage.com/Site_7066064/images/Screenshot2023-02-09144836.png","size":406299,"hash":"VtDhDGALkeNBIHIpTLMxhKuntlE=","fileName":"Screenshot2023-02-09144836.png","name":"Screenshot2023-02-09144836","width":620,"height":451,"thumbnail":{"url":"np://user.desktop.nicepage.com/Site_7066064/images/thumbnails/Screenshot2023-02-09144836.png","width":250,"height":182},"usages":["340708767"]},{"id":"user-image-AIAA-Illinois-Section-Logo-White-Transparent.png","publicUrl":"np://user.desktop.nicepage.com/Site_7066064/images/AIAA-Illinois-Section-Logo-White-Transparent.png","size":56331,"hash":"IG7BfhDAR2ebAEYGsqwWus5W7wk=","fileName":"AIAA-Illinois-Section-Logo-White-Transparent.png","name":"AIAA-Illinois-Section-Logo-White-Transparent","width":948,"height":263,"thumbnail":{"url":"np://user.desktop.nicepage.com/Site_7066064/images/thumbnails/AIAA-Illinois-Section-Logo-White-Transparent.png","width":250,"height":69},"usages":[]},{"id":"user-image-8e1a4b39c9204c538dcf571523df4215.jpeg","publicUrl":"np://user.desktop.nicepage.com/Site_7066064/images/8e1a4b39c9204c538dcf571523df4215.jpeg","size":437871,"hash":"G2w/prKxOUOR6egU/qCyjjy6pS0=","fileName":"8e1a4b39c9204c538dcf571523df4215.jpeg","name":"8e1a4b39c9204c538dcf571523df4215","width":750,"height":562,"thumbnail":{"url":"np://user.desktop.nicepage.com/Site_7066064/images/thumbnails/8e1a4b39c9204c538dcf571523df4215.jpeg","width":250,"height":187},"usages":["58012788"]},{"id":"user-image-softball.jpg","publicUrl":"np://user.desktop.nicepage.com/Site_7066064/images/softball.jpg","size":159086,"hash":"6A1uSbM1A11dmCdPHHFLcEUbHf0=","fileName":"softball.jpg","name":"softball","width":960,"height":720,"thumbnail":{"url":"np://user.desktop.nicepage.com/Site_7066064/images/thumbnails/softball.jpg","width":250,"height":188},"usages":["58012788"]},{"id":"user-image-imageedit_1_2665571571.png","publicUrl":"np://user.desktop.nicepage.com/Site_7066064/images/imageedit_1_2665571571.png","size":26571,"hash":"+4gRHXVcTsHcAm80w7f4PTx4UZk=","fileName":"imageedit_1_2665571571.png","name":"imageedit_1_2665571571","width":512,"height":512,"thumbnail":{"url":"np://user.desktop.nicepage.com/Site_7066064/images/thumbnails/imageedit_1_2665571571.png","width":250,"height":250},"usages":[]},{"id":"user-image-NewProject11.png","publicUrl":"np://user.desktop.nicepage.com/Site_7066064/images/NewProject11.png","size":31579,"hash":"PLbRYYb1/v9937Cy/93bgvBJhlE=","fileName":"NewProject11.png","name":"NewProject11","width":1280,"height":1280,"thumbnail":{"url":"np://user.desktop.nicepage.com/Site_7066064/images/thumbnails/NewProject11.png","width":250,"height":250},"usages":[]},{"id":"user-image-twin.jpg","publicUrl":"np://user.desktop.nicepage.com/Site_7066064/images/twin.jpg","size":85586,"hash":"gzCIhpMlWAvPgzYRlRJ4Cp2S00s=","fileName":"twin.jpg","name":"twin","width":1041,"height":833,"thumbnail":{"url":"np://user.desktop.nicepage.com/Site_7066064/images/thumbnails/twin.jpg","width":250,"height":200},"usages":["58012788"]},{"id":"user-image-4494488.png","publicUrl":"np://user.desktop.nicepage.com/Site_7066064/images/4494488.png","size":6378,"hash":"2b+4kFIR8Bk3+XZP7kfHHlLqwR8=","fileName":"4494488.png","name":"4494488","width":128,"height":128,"thumbnail":{"url":"np://user.desktop.nicepage.com/Site_7066064/images/thumbnails/4494488.png","width":128,"height":128,"length":6378,"type":"png"},"usages":[]},{"id":"user-image-3670151.png","publicUrl":"np://user.desktop.nicepage.com/Site_7066064/images/3670151.png","size":4997,"hash":"WQGxXYZfyfcPzaMaGCYElvSVt00=","fileName":"3670151.png","name":"3670151","width":128,"height":128,"thumbnail":{"url":"np://user.desktop.nicepage.com/Site_7066064/images/thumbnails/3670151.png","width":128,"height":128,"length":4997,"type":"png"},"usages":[]},{"id":"user-image-179330.png","publicUrl":"np://user.desktop.nicepage.com/Site_7066064/images/179330.png","size":1698,"hash":"IceNFDphsHXVeU2pv2zZBs30QCI=","fileName":"179330.png","name":"179330","width":128,"height":128,"thumbnail":{"url":"np://user.desktop.nicepage.com/Site_7066064/images/thumbnails/179330.png","width":128,"height":128,"length":1698,"type":"png"},"usages":[]}]